Date,Site,Block,Treatment,P1,P2,P3,P4,P5,Weather,Notes
6/22/2018,MAT,"B1, B2, B3, B4",DARK,0,,,,,"Sunny, calm, some thin high clouds",Unsure if dark scan worked correctly?
6/22/2018,MAT,"B1, B2, B3, B4",REF,1,2,3,4,5,,
6/22/2018,MAT,B2,P,6,7,8,9,10,,
6/22/2018,MAT,B2,CT2,11,12,13,14,15,,
6/22/2018,MAT,B2,CT1,16,17,18,19,20,,
6/22/2018,MAT,B2,N,21,22,23,24,25,,
6/22/2018,MAT,B2,NP,26,27,28,29,30,,
6/22/2018,MAT,B4,N,31,32,33,34,35,,
6/22/2018,MAT,B4,P,36,37,38,39,40,,
6/22/2018,MAT,B4,CT2,41,42,43,44,45,,
6/22/2018,MAT,B4,CT1,46,47,48,49,50,,
6/22/2018,MAT,B4,NP,51,52,53,54,55,,
6/22/2018,MAT,B3,N,56,57,58,59,60,,
6/22/2018,MAT,B3,CT2,61,62,63,64,65,,
6/22/2018,MAT,B3,CT1,66,67,68,69,70,,
6/22/2018,MAT,B3,NP,71,72,73,74,75,,
6/22/2018,MAT,B3,P,76,77,78,79,80,,
6/22/2018,MAT,B1,CT2,81,82,83,84,85,,
6/22/2018,MAT,B1,NP,86,87,88,89,90,,
6/22/2018,MAT,B1,NP-2,91,92,93,94,95,,Heterogeneity upslope/downslope
6/22/2018,MAT,B1,N,96,97,98,99,100,,
6/22/2018,MAT,B1,P,101,102,103,104,105,,
6/22/2018,MAT,B1,CT1,106,107,108,109,110,,
6/22/2018,LMAT,"B1, B2, B3, B4",MAT_DARK,0,,,,,"Sunny, calm, some thin high clouds",Dark scan taken from MAT
6/22/2018,LMAT,"B1, B2, B3",REF,0,1,2,3,4,,
6/22/2018,LMAT,B4,REF,5,6,7,8,9,,Roughly facing direction of measurements on Block 4
6/22/2018,LMAT,B1,F2,10,11,12,13,14,,
6/22/2018,LMAT,B1,F5,15,16,17,18,19,,
6/22/2018,LMAT,B1,F10,20,21,22,23,24,,
6/22/2018,LMAT,B1,X,25,26,27,28,29,,
6/22/2018,LMAT,B1,F1,30,31,32,33,34,,
6/22/2018,LMAT,B1,CT,35,36,37,38,39,,
6/22/2018,LMAT,B1,NO3,40,41,42,43,44,,
6/22/2018,LMAT,B1,NH4,45,46,47,48,49,,
6/22/2018,LMAT,B1,F0.5,50,51,52,53,54,,
6/22/2018,LMAT,B2,F5,55,56,57,58,59,,
6/22/2018,LMAT,B2,CT,60,61,62,63,64,,
6/22/2018,LMAT,B2,F0.5,65,66,67,68,69,,
6/22/2018,LMAT,B2,F2,70,71,72,73,74,,
6/22/2018,LMAT,B2,F1,75,76,77,78,79,,
6/22/2018,LMAT,B2,NH4,80,81,82,83,84,,
6/22/2018,LMAT,B2,F10,85,86,87,88,89,,
6/22/2018,LMAT,B2,NO3,90,91,92,93,94,,
6/22/2018,LMAT,B3,F2,95,96,97,98,99,,
6/22/2018,LMAT,B3,NH4,100,101,102,103,104,,
6/22/2018,LMAT,B3,NO3,105,106,107,108,109,,
6/22/2018,LMAT,B3,F1,110,111,112,113,114,,
6/22/2018,LMAT,B3,F0.5,115,116,117,118,119,,
6/22/2018,LMAT,B3,F5,120,121,122,123,124,,
6/22/2018,LMAT,B3,CT,125,126,127,128,129,,
6/22/2018,LMAT,B3,F10,130,131,132,133,134,,
6/22/2018,LMAT,B4,F0.5,135,136,137,138,139,,
6/22/2018,LMAT,B4,F5,140,141,142,143,144,,
6/22/2018,LMAT,B4,NH4,145,146,147,148,149,,
6/22/2018,LMAT,B4,CT,150,151,152,153,154,,
6/22/2018,LMAT,B4,F1,155,156,157,158,159,,
6/22/2018,LMAT,B4,F2,160,161,162,163,164,,
6/22/2018,LMAT,B4,NO3,165,166,167,168,169,,
6/22/2018,LMAT,B4,F10,170,171,172,173,174,,
6/22/2018,WSG1,B1,EDC-MAT_DARK,0,,,,,,
6/22/2018,WSG1,B1,REF,0,1,2,3,4,,
6/22/2018,WSG1,B1,CT1,5,6,7,8,9,,
6/22/2018,WSG1,B1,P,10,11,12,13,14,,
6/22/2018,WSG1,B1,NP,15,16,17,18,19,,
6/22/2018,WSG1,B1,N,20,21,22,23,24,,
6/22/2018,WSG1,B1,CT2,25,26,27,28,29,,
6/22/2018,WSG23,"B2, B3",DARK,0,,,,,Partial high clouds,
6/22/2018,WSG23,"B2, B3",REF,1,2,3,4,5,,
6/22/2018,WSG23,B3,NP,6,7,8,9,10,,
6/22/2018,WSG23,B3,P,11,12,13,14,15,,"These 5 measurements were taken backwards of the ""right"" direction of travel on the maps. "
6/22/2018,WSG23,B3,N-2,16,17,18,19,20,,Wrong location in N plot
6/22/2018,WSG23,B3,N,21,22,23,24,25,,Right location/direction in N plot
6/22/2018,WSG23,B3,CT,26,27,28,29,30,,
6/22/2018,WSG23,B2,NP,31,32,33,34,35,,
6/22/2018,WSG23,B2,N,36,37,38,39,40,,
6/22/2018,WSG23,B2,CT,41,42,43,44,45,,
6/22/2018,WSG23,B2,P,46,47,48,49,50,,
6/22/2018,DHT,"B1, B2, B3",DARK,0,,,,,Layer of high clouds,
6/22/2018,DHT,"B1, B2, B3",REF,1,2,3,4,5,,int = 50
6/22/2018,DHT,"B1, B2, B3",REF-2,6,7,8,9,10,,int = 60
6/22/2018,DHT,B1,NP,11,12,13,14,15,,
6/22/2018,DHT,B1,P,16,17,18,19,20,,
6/22/2018,DHT,B1,CT2,21,22,23,24,25,,
6/22/2018,DHT,B1,CT1,26,27,28,29,30,,
6/22/2018,DHT,B1,EXNP-NF,31,32,33,34,35,,
6/22/2018,DHT,B1,EXNP-SF,36,37,38,39,40,,
6/22/2018,DHT,B1,EXNP-LF,41,42,43,44,45,,
6/22/2018,DHT,B1,N,46,47,48,49,50,,
6/22/2018,DHT,B1,EXCT-NF,51,52,53,54,55,,
6/22/2018,DHT,B1,EXCT-SF,56,57,58,59,60,,
6/22/2018,DHT,B1,EXCT-LF,61,62,63,64,65,,
6/22/2018,DHT,B2,NP,66,67,68,69,70,,
6/22/2018,DHT,B2,CT2,71,72,73,74,75,,
6/22/2018,DHT,B2,EXCT-NF,76,77,78,79,80,,
6/22/2018,DHT,B2,EXCT-SF,81,82,83,84,85,,
6/22/2018,DHT,B2,EXCT-LF,86,87,88,89,90,,
6/22/2018,DHT,B2,CT1,91,92,93,94,95,,
6/22/2018,DHT,B2,N,96,97,98,99,100,,
6/22/2018,DHT,B2,P,101,102,103,104,105,,
6/22/2018,DHT,B2,EXNP-NF,106,107,108,109,110,,
6/22/2018,DHT,B2,EXNP-LF,111,112,113,114,115,,
6/22/2018,DHT,B2,EXNP-SF,116,117,118,119,120,,
6/22/2018,DHT,B3,X,121,122,123,124,125,,
6/22/2018,DHT,B3,NP,126,127,128,129,130,,
6/22/2018,DHT,B3,CT2,131,132,133,134,135,,
6/22/2018,DHT,B3,EXCT-LF,136,137,138,139,140,,
6/22/2018,DHT,B3,EXCT-SF,141,142,143,144,145,,
6/22/2018,DHT,B3,EXCT-NF,146,147,148,149,150,,
6/22/2018,DHT,B3,CT1,151,152,153,154,155,,
6/22/2018,DHT,B3,N,156,157,158,159,160,,
6/22/2018,DHT,B3,EXNP-NF,161,162,163,164,165,,
6/22/2018,DHT,B3,EXNP-SF,166,167,168,169,170,,
6/22/2018,DHT,B3,EXNP-LF,171,172,173,174,175,,
6/22/2018,DHT,B3,P,176,177,178,179,180,,
6/25/2018,SHB1,B1,DARK,0,,,,,"sunny, some large fluffy clouds",Unispecing the shrub sites is NOT GOOD. Fiberoptic cables are too short for extension. Shrubs are actually taller than extension at SHB1 and shorter at SHB2. This really seems somewhat infeasible with the current method…
6/25/2018,SHB1,B1,TEST-REF,11,12,13,,,,Ignore this data. Level was not brought so it really probably is not significant.
6/25/2018,SHB1,B1,NP,1,2,3,4,5,,Ignore this data. Level was not brought so it really probably is not significant.
6/25/2018,SHB1,B1,P,6,7,8,9,10,,Ignore this data. Level was not brought so it really probably is not significant.
6/25/2018,SHB1,B1,N,11,12,13,14,15,,Ignore this data. Level was not brought so it really probably is not significant.
6/25/2018,SHB1,B1,CT2,16,17,18,19,20,,Ignore this data. Level was not brought so it really probably is not significant.
6/25/2018,HST,"B1, B2, B3, B4",DARK,0,,,,,"Sunny with some large, puffy clouds",
6/25/2018,HST,"B1, B2, B3, B4",REF,2,3,4,5,6,,"First REF is with too high of an integration time, max'ed out (File Num 1) "
6/25/2018,HST,B4,NP,7,8,9,10,11,,
6/25/2018,HST,B4,CT,12,13,14,15,16,,
6/25/2018,HST,B3,NP,17,18,19,20,21,,
6/25/2018,HST,B3,CT,22,23,24,25,26,,
6/25/2018,HST,B2,NP,27,28,29,30,31,,
6/25/2018,HST,B2,CT,32,33,34,35,36,,
6/25/2018,HST,B1,NP,37,38,39,40,41,,
6/25/2018,HST,B1,CT,42,43,44,45,46,,
6/25/2018,NANT,"B1, B2, B3",DARK,0,,,,,,
6/25/2018,NANT,B3,REF,1,2,3,4,5,,
6/25/2018,NANT,"B1, B2",REF,6,7,8,9,10,,
6/25/2018,NANT,B3,CT-old,11,12,13,14,15,,
6/25/2018,NANT,B3,CT,16,17,18,19,20,,
6/25/2018,NANT,B3,N,21,22,23,24,25,,
6/25/2018,NANT,B3,NP,26,27,28,29,30,,
6/25/2018,NANT,B3,P,31,32,33,34,35,,
6/25/2018,NANT,B2,P,36,37,38,39,40,,
6/25/2018,NANT,B2,NP,41,42,43,44,45,,
6/25/2018,NANT,B2,CT,46,47,48,49,50,,
6/25/2018,NANT,B2,N,51,52,53,54,55,,
6/25/2018,NANT,B1,P,56,57,58,59,60,,
6/25/2018,NANT,B1,CT,61,62,63,64,65,,
6/25/2018,NANT,B1,NP,66,67,68,69,70,,
6/25/2018,NANT,B1,N,71,72,73,74,75,,
6/25/2018,MNAT,"B1, B2, B3",NANT_DARK,0,,,,,,
6/25/2018,MNAT,B1,REF,90,91,92,93,94,,
6/25/2018,MNAT,"B2, B3",REF,95,96,97,98,99,,
6/25/2018,MNAT,B3,P,0,1,2,3,4,,
6/25/2018,MNAT,B3,NP,5,6,7,8,9,,
6/25/2018,MNAT,B3,CT,10,11,12,13,14,,
6/25/2018,MNAT,B3,S,15,16,17,18,19,,
6/25/2018,MNAT,B3,L,20,21,22,23,24,,
6/25/2018,MNAT,B3,N,25,26,27,28,29,,
6/25/2018,MNAT,B2,N,30,31,32,33,34,,
6/25/2018,MNAT,B2,P,35,36,37,38,39,,
6/25/2018,MNAT,B2,S,40,41,42,43,44,,
6/25/2018,MNAT,B2,L,45,46,47,48,49,,
6/25/2018,MNAT,B2,NP,50,51,52,53,54,,
6/25/2018,MNAT,B2,CT,55,56,57,58,59,,
6/25/2018,MNAT,B1,CT,60,61,62,63,64,,
6/25/2018,MNAT,B1,NP,65,66,67,68,69,,
6/25/2018,MNAT,B1,S,70,71,72,73,74,,
6/25/2018,MNAT,B1,L,75,76,77,78,79,,
6/25/2018,MNAT,B1,N,80,81,82,83,84,,
6/25/2018,MNAT,B1,P,85,86,87,88,89,,
6/29/2018,MAT,"B1, B2, B3, B4",DARK,0,,,,,"Sunny, calm, some thin high clouds",Unsure if dark scan worked correctly?
6/29/2018,MAT,"B1, B2, B3, B4",REF,1,2,3,4,5,,
6/29/2018,MAT,B2,P,6,7,8,9,10,,
6/29/2018,MAT,B2,CT2,11,12,13,14,15,,
6/29/2018,MAT,B2,CT1,16,17,18,19,20,,
6/29/2018,MAT,B2,N,21,22,23,24,25,,
6/29/2018,MAT,B2,NP,26,27,28,29,30,,
6/29/2018,MAT,B4,N,31,32,33,34,35,,
6/29/2018,MAT,B4,P,36,37,38,39,40,,
6/29/2018,MAT,B4,CT2,41,42,43,44,45,,
6/29/2018,MAT,B4,CT1,46,47,48,49,50,,
6/29/2018,MAT,B4,NP,51,52,53,54,55,,
6/29/2018,MAT,B3,N,56,57,58,59,60,,
6/29/2018,MAT,B3,CT2,61,62,63,64,65,,
6/29/2018,MAT,B3,CT1,66,67,68,69,70,,
6/29/2018,MAT,B3,NP,71,72,73,74,75,,
6/29/2018,MAT,B3,P,76,77,78,79,80,,
6/29/2018,MAT,B1,CT2,81,82,83,84,85,,
6/29/2018,MAT,B1,NP,86,87,88,89,90,,
6/29/2018,MAT,B1,N,91,92,93,94,95,,
6/29/2018,MAT,B1,P,96,97,98,99,100,,
6/29/2018,MAT,B1,CT1,101,102,103,104,105,,
6/29/2018,LMAT,"B1, B2, B3, B4",MAT_DARK,0,,,,,"Sunny, calm, some thin high clouds",Dark scan taken from MAT
6/29/2018,LMAT,"B1, B2, B3, B4",REF,180,181,182,183,184,,
6/29/2018,LMAT,"B1, B2, B3, B4",REF-2,185,186,187,188,189,,
6/29/2018,LMAT,"B1, B2, B3, B4",REF-3,190,191,192,193,194,,
6/29/2018,LMAT,B1,F2,0,1,2,3,4,,
6/29/2018,LMAT,B1,H,5,6,7,8,9,,
6/29/2018,LMAT,B1,F5,10,11,12,13,14,,
6/29/2018,LMAT,B1,F10,15,16,17,18,19,,
6/29/2018,LMAT,B1,F1,20,21,22,23,24,,
6/29/2018,LMAT,B1,CT,25,26,27,28,29,,
6/29/2018,LMAT,B1,NO3,30,31,32,33,34,,
6/29/2018,LMAT,B1,NH4,35,36,37,38,39,,
6/29/2018,LMAT,B1,F0.5,40,41,42,43,44,,
6/29/2018,LMAT,B2,F5,45,46,47,48,49,,
6/29/2018,LMAT,B2,H,50,51,52,53,54,,
6/29/2018,LMAT,B2,CT,55,56,57,58,59,,
6/29/2018,LMAT,B2,F0.5,60,61,62,63,64,,
6/29/2018,LMAT,B2,F2,65,66,67,68,69,,
6/29/2018,LMAT,B2,F1,70,71,72,73,74,,
6/29/2018,LMAT,B2,NH4,75,76,77,78,79,,
6/29/2018,LMAT,B2,F10,80,81,82,83,84,,
6/29/2018,LMAT,B2,NO3,85,86,87,88,89,,
6/29/2018,LMAT,B3,F2,90,91,92,93,94,,
6/29/2018,LMAT,B3,NH4,95,96,97,98,99,,
6/29/2018,LMAT,B3,NO3,100,101,102,103,104,,
6/29/2018,LMAT,B3,H,105,106,107,108,109,,
6/29/2018,LMAT,B3,F1,110,111,112,113,114,,
6/29/2018,LMAT,B3,F0.5,115,116,117,118,119,,
6/29/2018,LMAT,B3,F5,120,121,122,123,124,,
6/29/2018,LMAT,B3,CT,125,126,127,128,129,,
6/29/2018,LMAT,B3,F10,130,131,132,133,134,,
6/29/2018,LMAT,B4,F0.5,135,136,137,138,139,,
6/29/2018,LMAT,B4,F5,140,141,142,143,144,,
6/29/2018,LMAT,B4,NH4,145,146,147,148,149,,
6/29/2018,LMAT,B4,CT,150,151,152,153,154,,
6/29/2018,LMAT,B4,F1,155,156,157,158,159,,
6/29/2018,LMAT,B4,F2,160,161,162,163,164,,
6/29/2018,LMAT,B4,H,165,166,167,168,169,,
6/29/2018,LMAT,B4,NO3,170,171,172,173,174,,
6/29/2018,LMAT,B4,F10,175,176,177,178,179,,
7/3/2018,WSG1,B1,DARK,0,,,,,,
7/3/2018,WSG1,B1,REF,1,2,3,4,5,,
7/3/2018,WSG1,B1,REF-2,6,7,8,9,10,,
7/3/2018,WSG1,B1,CT1,11,12,13,14,15,,
7/3/2018,WSG1,B1,P,16,17,18,19,20,,
7/3/2018,WSG1,B1,NP,21,22,23,24,25,,
7/3/2018,WSG1,B1,N,26,27,28,29,30,,
7/3/2018,WSG1,B1,CT2,31,32,33,34,35,,
7/3/2018,WSG23,"B2, B3",DARK,0,,,,,,
7/3/2018,WSG23,"B2, B3",REF,1,2,3,4,5,,
7/3/2018,WSG23,B3,NP,6,7,8,9,10,,
7/3/2018,WSG23,B3,P,11,12,13,14,15,,
7/3/2018,WSG23,B3,N,16,17,18,19,20,,
7/3/2018,WSG23,B3,CT,21,22,23,24,25,,
7/3/2018,WSG23,B2,NP,26,27,28,29,30,,
7/3/2018,WSG23,B2,N,31,32,33,34,35,,
7/3/2018,WSG23,B2,CT,36,37,38,39,40,,
7/3/2018,WSG23,B2,P,41,42,43,44,45,,
7/3/2018,DHT,"B1, B2, B3",DARK,0,,,,,,
7/3/2018,DHT,"B1, B2, B3",REF,1,2,3,4,5,,
7/3/2018,DHT,B1,NP,6,7,8,9,10,,
7/3/2018,DHT,B1,P,11,12,13,14,15,,
7/3/2018,DHT,B1,CT2,16,17,18,19,20,,
7/3/2018,DHT,B1,CT1,21,22,23,24,25,,
7/3/2018,DHT,B1,EXNP-NF,26,27,28,29,30,,
7/3/2018,DHT,B1,EXNP-SF,31,32,33,34,35,,
7/3/2018,DHT,B1,EXNP-LF,36,37,38,39,40,,
7/3/2018,DHT,B1,N,41,42,43,44,45,,
7/3/2018,DHT,B1,EXCT-NF,46,47,48,49,50,,
7/3/2018,DHT,B1,EXCT-SF,51,52,53,54,55,,
7/3/2018,DHT,B1,EXCT-LF,56,57,58,59,60,,
7/3/2018,DHT,B2,NP,61,62,63,64,65,,
7/3/2018,DHT,B2,CT2,66,67,68,69,70,,
7/3/2018,DHT,B2,EXCT-NF,71,72,73,74,75,,
7/3/2018,DHT,B2,EXCT-SF,76,77,78,79,80,,
7/3/2018,DHT,B2,EXCT-LF,81,82,83,84,85,,
7/3/2018,DHT,B2,CT1,86,87,88,89,90,,
7/3/2018,DHT,B2,N,91,92,93,94,95,,
7/3/2018,DHT,B2,P,96,97,98,99,100,,
7/3/2018,DHT,B2,EXNP-NF,101,102,103,104,105,,
7/3/2018,DHT,B2,EXNP-LF,106,107,108,109,110,,
7/3/2018,DHT,B2,EXNP-SF,111,112,113,114,115,,Extra measurement 116-120
7/3/2018,DHT,B3,NP,121,122,123,124,125,,
7/3/2018,DHT,B3,CT2,126,127,128,129,130,,
7/3/2018,DHT,B3,EXCT-LF,131,132,133,134,135,,
7/3/2018,DHT,B3,EXCT-SF,136,137,138,139,140,,
7/3/2018,DHT,B3,EXCT-NF,141,142,143,144,145,,
7/3/2018,DHT,B3,CT1,146,147,148,149,150,,
7/3/2018,DHT,B3,N,151,152,153,154,155,,
7/3/2018,DHT,B3,EXNP-NF,156,157,158,159,160,,
7/3/2018,DHT,B3,EXNP-SF,161,162,163,164,165,,
7/3/2018,DHT,B3,EXNP-LF,166,167,168,169,170,,
7/3/2018,DHT,B3,P,171,172,173,174,175,,
7/3/2018,HST,"B1, B2, B3, B4",DARK,0,,,,,,
7/3/2018,HST,"B1, B2, B3, B4",REF,1,2,3,4,5,,
7/3/2018,HST,B4,NP,6,7,8,9,10,,
7/3/2018,HST,B4,CT,11,12,13,14,15,,
7/3/2018,HST,B3,NP,16,17,18,19,20,,
7/3/2018,HST,B3,CT,21,22,23,24,25,,
7/3/2018,HST,B2,NP,26,27,28,29,30,,
7/3/2018,HST,B2,CT,31,32,33,34,35,,
7/3/2018,HST,B1,NP,36,37,38,39,40,,
7/3/2018,HST,B1,CT,41,42,43,44,45,,
7/3/2018,NANT,"B1, B2, B3",DARK,0,,,,,,
7/3/2018,NANT,B3,REF,1,2,3,4,5,,
7/3/2018,NANT,"B1, B2",REF,6,7,8,9,10,,
7/3/2018,NANT,B3,CT,11,12,13,14,15,,
7/3/2018,NANT,B3,N,16,17,18,19,20,,
7/3/2018,NANT,B3,NP,21,22,23,24,25,,
7/3/2018,NANT,B3,P,26,27,28,29,30,,
7/3/2018,NANT,B2,P,31,32,33,34,35,,
7/3/2018,NANT,B2,NP,36,37,38,39,40,,
7/3/2018,NANT,B2,CT,41,42,43,44,45,,
7/3/2018,NANT,B2,N,46,47,48,49,50,,
7/3/2018,NANT,B1,P,51,52,53,54,55,,
7/3/2018,NANT,B1,CT,56,57,58,59,60,,
7/3/2018,NANT,B1,NP,61,62,63,64,65,,
7/3/2018,NANT,B1,N,66,67,68,69,70,,
7/3/2018,MNAT,"B1, B2, B3",DARK,0,,,,,,
7/3/2018,MNAT,"B2, B3",REF,3,4,5,6,7,,
7/3/2018,MNAT,B1,REF,8,9,10,11,12,,
7/3/2018,MNAT,B3,P,13,14,15,16,17,,
7/3/2018,MNAT,B3,NP,18,19,20,21,22,,
7/3/2018,MNAT,B3,CT,23,24,25,26,27,,
7/3/2018,MNAT,B3,S,28,29,30,31,32,,
7/3/2018,MNAT,B3,L,33,34,35,36,37,,
7/3/2018,MNAT,B3,N,38,39,40,41,42,,
7/3/2018,MNAT,B2,N,43,44,45,46,47,,
7/3/2018,MNAT,B2,P,48,49,50,51,52,,
7/3/2018,MNAT,B2,S,53,54,55,56,57,,
7/3/2018,MNAT,B2,L,58,59,60,61,62,,
7/3/2018,MNAT,B2,NP,63,64,65,66,67,,
7/3/2018,MNAT,B2,CT,68,69,70,71,72,,
7/3/2018,MNAT,B1,CT,73,74,75,76,77,,
7/3/2018,MNAT,B1,NP,78,79,80,81,82,,
7/3/2018,MNAT,B1,S,83,84,85,86,87,,
7/3/2018,MNAT,B1,L,88,89,90,91,92,,
7/3/2018,MNAT,B1,N,93,94,95,96,97,,
7/3/2018,MNAT,B1,P,98,99,100,101,102,,
7/13/2018,MAT,"B1, B2, B3, B4",DARK,0,,,,,"mostly sunny, large puffy clouds, patches of cloud cover sun at end",
7/13/2018,MAT,"B1, B2, B3, B4",REF,0,1,2,3,4,,
7/13/2018,MAT,B2,P,5,6,7,8,9,,
7/13/2018,MAT,B2,CT2,10,11,12,13,14,,
7/13/2018,MAT,B2,CT1,15,16,17,18,19,,
7/13/2018,MAT,B2,N,20,21,22,23,24,,
7/13/2018,MAT,B2,NP,25,26,27,28,29,,
7/13/2018,MAT,B4,N,30,31,32,33,34,,
7/13/2018,MAT,B4,P,35,36,37,38,39,,
7/13/2018,MAT,B4,CT2,40,41,42,43,44,,
7/13/2018,MAT,B4,CT1,45,46,47,48,49,,
7/13/2018,MAT,B4,NP,50,51,52,53,54,,
7/13/2018,MAT,B3,N,55,56,57,58,59,,
7/13/2018,MAT,B3,CT2,60,61,62,63,64,,
7/13/2018,MAT,B3,CT1,65,66,67,68,69,,
7/13/2018,MAT,B3,NP,70,71,72,73,74,,
7/13/2018,MAT,B3,P,75,76,77,78,79,,
7/13/2018,MAT,B1,CT2,80,81,82,83,84,,
7/13/2018,MAT,B1,NP,85,86,87,88,89,,
7/13/2018,MAT,B1,N,90,91,92,93,94,,
7/13/2018,MAT,B1,P,95,96,97,98,99,,
7/13/2018,MAT,B1,CT1,100,101,102,103,104,,
7/13/2018,LMAT,"B1, B2, B3, B4",DARK,0,,,,,"sunny, puffy clouds building on horizon",
7/13/2018,LMAT,"B1, B2, B3, B4",REF,1,2,3,4,5,,
7/13/2018,LMAT,B1,F2,6,7,8,9,10,,
7/13/2018,LMAT,B1,H,11,12,13,14,15,,
7/13/2018,LMAT,B1,F5,16,17,18,19,20,,
7/13/2018,LMAT,B1,F10,21,22,23,24,25,,
7/13/2018,LMAT,B1,F1,26,27,28,29,30,,
7/13/2018,LMAT,B1,CT,31,32,33,34,35,,
7/13/2018,LMAT,B1,NO3,36,37,38,39,40,,
7/13/2018,LMAT,B1,NH4,41,42,43,44,45,,
7/13/2018,LMAT,B1,F0.5,46,47,48,49,50,,
7/13/2018,LMAT,B2,F5,51,52,53,54,55,,
7/13/2018,LMAT,B2,H,56,57,58,59,60,,
7/13/2018,LMAT,B2,CT,61,62,63,64,65,,
7/13/2018,LMAT,B2,F0.5,66,67,68,69,70,,
7/13/2018,LMAT,B2,F2,71,72,73,74,75,,
7/13/2018,LMAT,B2,F1,76,77,78,79,80,,
7/13/2018,LMAT,B2,NH4,81,82,83,84,85,,
7/13/2018,LMAT,B2,F10,86,87,88,89,90,,
7/13/2018,LMAT,B2,NO3,91,92,93,94,95,,
7/13/2018,LMAT,B3,F2,96,97,98,99,100,,
7/13/2018,LMAT,B3,NH4,101,102,103,104,105,,
7/13/2018,LMAT,B3,NO3,106,107,108,109,110,,
7/13/2018,LMAT,B3,H,111,112,113,114,115,,
7/13/2018,LMAT,B3,F1,116,117,118,119,120,,
7/13/2018,LMAT,B3,F0.5,121,122,123,124,125,,
7/13/2018,LMAT,B3,F5,126,127,128,129,130,,
7/13/2018,LMAT,B3,CT,131,132,133,134,135,,
7/13/2018,LMAT,B3,F10,136,137,138,139,140,,
7/13/2018,LMAT,B4,F0.5,141,142,143,144,145,,
7/13/2018,LMAT,B4,F5,146,147,148,149,150,,
7/13/2018,LMAT,B4,NH4,151,152,153,154,155,,
7/13/2018,LMAT,B4,CT,156,157,158,159,160,,
7/13/2018,LMAT,B4,F1,161,162,163,164,165,,
7/13/2018,LMAT,B4,F2,166,167,168,169,170,,
7/13/2018,LMAT,B4,H,171,172,173,174,175,,
7/13/2018,LMAT,B4,NO3,176,177,178,179,180,,
7/13/2018,LMAT,B4,F10,181,182,183,184,185,,
7/13/2018,WSG1,B1,LMAT_DARK,0,,,,,"Partly cloudy, large puffy clouds",
7/13/2018,WSG1,B1,REF,25,26,27,28,29,,Ref for all plots but CT2
7/13/2018,WSG1,B1,REF-2,30,31,,,,,Ref for short end of CT2 (direction)
7/13/2018,WSG1,B1,REF-3,32,33,34,,,,Ref for long end of CT2
7/13/2018,WSG1,B1,CT1,0,1,2,3,4,,
7/13/2018,WSG1,B1,P,5,6,7,8,9,,
7/13/2018,WSG1,B1,NP,10,11,12,13,14,,
7/13/2018,WSG1,B1,N,15,16,17,18,19,,
7/13/2018,WSG1,B1,CT2,20,21,22,23,24,,
7/13/2018,WSG23,"B2, B3",DARK,0,,,,,"Partly cloudy, large puffy clouds",
7/13/2018,WSG23,"B2, B3",REF,1,2,3,4,5,,
7/13/2018,WSG23,B3,NP,6,7,8,9,10,,
7/13/2018,WSG23,B3,P,11,12,13,14,15,,
7/13/2018,WSG23,B3,N,16,17,18,19,20,,
7/13/2018,WSG23,B3,CT,21,22,23,24,25,,
7/13/2018,WSG23,B2,NP,26,27,28,29,30,,
7/13/2018,WSG23,B2,N,31,32,33,34,35,,
7/13/2018,WSG23,B2,CT,36,37,38,39,40,,
7/13/2018,WSG23,B2,P,41,42,43,44,45,,
7/13/2018,DHT,"B1, B2, B3",DARK,0,,,,,"Partly cloudy, large puffy clouds",Mostly sunny until the end
7/13/2018,DHT,"B1, B2, B3",REF,1,2,3,4,5,,
7/13/2018,DHT,B1,NP,6,7,8,9,10,,
7/13/2018,DHT,B1,P,11,12,13,14,15,,
7/13/2018,DHT,B1,CT2,16,17,18,19,20,,
7/13/2018,DHT,B1,CT1,21,22,23,24,25,,
7/13/2018,DHT,B1,EXNP-NF,26,27,28,29,30,,
7/13/2018,DHT,B1,EXNP-SF,31,32,33,34,35,,
7/13/2018,DHT,B1,EXNP-LF,36,37,38,39,40,,
7/13/2018,DHT,B1,N,41,42,43,44,45,,
7/13/2018,DHT,B1,EXCT-NF,46,47,48,49,50,,
7/13/2018,DHT,B1,EXCT-SF,51,52,53,54,55,,
7/13/2018,DHT,B1,EXCT-LF,56,57,58,59,60,,
7/13/2018,DHT,B2,NP,61,62,63,64,65,,
7/13/2018,DHT,B2,CT2,66,67,68,69,70,,
7/13/2018,DHT,B2,EXCT-NF,71,72,73,74,75,,
7/13/2018,DHT,B2,EXCT-SF,76,77,78,79,80,,
7/13/2018,DHT,B2,EXCT-LF,81,82,83,84,85,,
7/13/2018,DHT,B2,CT1,86,87,88,89,90,,
7/13/2018,DHT,B2,N,91,92,93,94,95,,
7/13/2018,DHT,B2,P,96,97,98,99,100,,
7/13/2018,DHT,B2,EXNP-NF,101,102,103,104,105,,
7/13/2018,DHT,B2,EXNP-LF,106,107,108,109,110,,
7/13/2018,DHT,B2,EXNP-SF,111,112,113,114,115,,
7/13/2018,DHT,B3,NP,116,117,118,119,120,,
7/13/2018,DHT,B3,CT2,121,122,123,124,125,,
7/13/2018,DHT,B3,EXCT-LF,126,127,128,129,130,,
7/13/2018,DHT,B3,EXCT-SF,131,132,133,134,135,,
7/13/2018,DHT,B3,EXCT-NF,136,137,138,139,140,,
7/13/2018,DHT,B3,CT1,141,142,143,144,145,,
7/13/2018,DHT,B3,N,146,147,148,149,150,,
7/13/2018,DHT,B3,EXNP-NF,151,152,153,154,155,,
7/13/2018,DHT,B3,EXNP-SF,156,157,158,159,160,,
7/13/2018,DHT,B3,EXNP-LF,161,162,163,164,165,,
7/13/2018,DHT,B3,P,166,167,168,169,170,,
7/13/2018,HST,"B1, B2, B3, B4",DARK,0,,,,,"Partly cloudy, large puffy clouds",
7/13/2018,HST,"B1, B2, B3, B4",REF,1,2,3,4,5,,
7/13/2018,HST,B4,NP,6,7,8,9,10,,
7/13/2018,HST,B4,CT,11,12,13,14,15,,
7/13/2018,HST,B3,NP,16,17,18,19,20,,
7/13/2018,HST,B3,CT,21,22,23,24,25,,
7/13/2018,HST,B2,NP,26,27,28,29,30,,
7/13/2018,HST,B2,CT,31,32,33,34,35,,
7/13/2018,HST,B1,NP,36,37,38,39,40,,
7/13/2018,HST,B1,CT,41,42,43,44,45,,
7/14/2018,NANT,"B1, B2, B3",DARK,0,,,,,"Overcast, thick but mostly uniform layer of clouds",
7/14/2018,NANT,B3,REF,1,2,3,4,5,,
7/14/2018,NANT,"B1, B2",REF,91,92,93,94,95,,
7/14/2018,NANT,B3,CT,6,7,8,9,10,,
7/14/2018,NANT,B3,N,11,12,13,14,15,,
7/14/2018,NANT,B3,NP,16,17,18,19,20,,
7/14/2018,NANT,B3,P,21,22,23,24,25,,
7/14/2018,NANT,B2,P,26,27,28,29,30,,
7/14/2018,NANT,B2,NP,31,32,33,34,35,,
7/14/2018,NANT,B2,CT,36,37,38,39,40,,
7/14/2018,NANT,B2,N,41,42,43,44,45,,
7/14/2018,NANT,B1,P,46,47,48,49,50,,
7/14/2018,NANT,B1,CT,51,52,53,54,55,,
7/14/2018,NANT,B1,NP,56,57,58,59,60,,
7/14/2018,NANT,B1,N,61,62,63,64,65,,
7/14/2018,MNAT,"B1, B2, B3",DARK,0,,,,,,
7/14/2018,MNAT,"B1, B2, B3",REF,1,2,3,4,5,,
7/14/2018,MNAT,B3,P,0,1,2,3,4,,
7/14/2018,MNAT,B3,NP,5,6,7,8,9,,
7/14/2018,MNAT,B3,CT,10,11,12,13,14,,
7/14/2018,MNAT,B3,S,15,16,17,18,19,,
7/14/2018,MNAT,B3,L,20,21,22,23,24,,
7/14/2018,MNAT,B3,N,25,26,27,28,29,,
7/14/2018,MNAT,B2,N,30,31,32,33,34,,
7/14/2018,MNAT,B2,P,35,36,37,38,39,,
7/14/2018,MNAT,B2,S,40,41,42,43,44,,
7/14/2018,MNAT,B2,L,45,46,47,48,49,,
7/14/2018,MNAT,B2,NP,50,51,52,53,54,,
7/14/2018,MNAT,B2,CT,55,56,57,58,59,,
7/14/2018,MNAT,B1,CT,60,61,62,63,64,,
7/14/2018,MNAT,B1,NP,65,66,67,68,69,,
7/14/2018,MNAT,B1,S,70,71,72,73,74,,
7/14/2018,MNAT,B1,L,75,76,77,78,79,,
7/14/2018,MNAT,B1,N,80,81,82,83,84,,
7/14/2018,MNAT,B1,P,85,86,87,88,89,,
7/21/2018,MAT,"B1, B2, B3, B4",DARK,0,,,,,"Silghtly hazy, mostly sunny, partly cloudy",Integration time 80 ms
7/21/2018,MAT,"B1, B2, B3, B4",REF,100,101,102,103,104,,Integration time 50 ms
7/21/2018,MAT,"B1, B2, B3, B4",REF-2,105,106,107,108,109,,Integration time 80 ms
7/21/2018,MAT,B2,P,0,1,2,3,4,,
7/21/2018,MAT,B2,CT2,5,6,7,8,9,,
7/21/2018,MAT,B2,CT1,10,11,12,13,14,,
7/21/2018,MAT,B2,N,15,16,17,18,19,,
7/21/2018,MAT,B2,NP,20,21,22,23,24,,
7/21/2018,MAT,B4,N,25,26,27,28,29,,
7/21/2018,MAT,B4,P,30,31,32,33,34,,
7/21/2018,MAT,B4,CT2,35,36,37,38,39,,
7/21/2018,MAT,B4,CT1,40,41,42,43,44,,
7/21/2018,MAT,B4,NP,45,46,47,48,49,,
7/21/2018,MAT,B3,N,50,51,52,53,54,,
7/21/2018,MAT,B3,CT2,55,56,57,58,59,,
7/21/2018,MAT,B3,CT1,60,61,62,63,64,,
7/21/2018,MAT,B3,NP,65,66,67,68,69,,
7/21/2018,MAT,B3,P,70,71,72,73,74,,
7/21/2018,MAT,B1,CT2,75,76,77,78,79,,
7/21/2018,MAT,B1,NP,80,81,82,83,84,,
7/21/2018,MAT,B1,N,85,86,87,88,89,,
7/21/2018,MAT,B1,P,90,91,92,93,94,,
7/21/2018,MAT,B1,CT1,95,96,97,98,99,,
7/21/2018,LMAT,"B1, B2, B3, B4",DARK,0,,,,,"Hazy, slightly overcast",Integration 80 ms
7/21/2018,LMAT,"B1, B2, B3, B4",REF,1,2,3,4,5,,
7/21/2018,LMAT,B1,F2,105,106,107,108,109,,
7/21/2018,LMAT,B1,H,110,111,112,113,114,,
7/21/2018,LMAT,B1,F5,115,116,117,118,119,,
7/21/2018,LMAT,B1,F10,120,121,122,123,124,,
7/21/2018,LMAT,B1,F1,125,126,127,128,129,,
7/21/2018,LMAT,B1,CT,130,131,132,133,134,,
7/21/2018,LMAT,B1,NO3,135,136,137,138,139,,
7/21/2018,LMAT,B1,NH4,140,141,142,143,144,,
7/21/2018,LMAT,B1,F0.5,145,146,147,148,149,,
7/21/2018,LMAT,B2,F5,150,151,152,153,154,,
7/21/2018,LMAT,B2,H,155,156,157,158,159,,
7/21/2018,LMAT,B2,CT,160,161,162,163,164,,
7/21/2018,LMAT,B2,F0.5,165,166,167,168,169,,
7/21/2018,LMAT,B2,F2,170,171,172,173,174,,
7/21/2018,LMAT,B2,F1,175,176,177,178,179,,
7/21/2018,LMAT,B2,NH4,180,181,182,183,184,,
7/21/2018,LMAT,B2,F10,185,186,187,188,189,,
7/21/2018,LMAT,B2,NO3,190,191,192,193,194,,
7/21/2018,LMAT,B3,F2,57,58,59,60,61,,
7/21/2018,LMAT,B3,NH4,62,63,64,65,66,,
7/21/2018,LMAT,B3,NO3,67,68,69,70,71,,
7/21/2018,LMAT,B3,H,72,73,74,75,76,,
7/21/2018,LMAT,B3,F1,77,78,79,80,81,,
7/21/2018,LMAT,B3,F0.5,82,83,84,85,86,,
7/21/2018,LMAT,B3,F5,87,88,89,90,91,,
7/21/2018,LMAT,B3,CT,92,93,94,95,96,,
7/21/2018,LMAT,B3,F10,97,98,99,100,101,,
7/21/2018,LMAT,B4,F0.5,6,7,8,9,10,,
7/21/2018,LMAT,B4,F5,11,12,13,14,15,,
7/21/2018,LMAT,B4,NH4,16,17,18,19,20,,
7/21/2018,LMAT,B4,CT,25,21,22,23,24,,"Missed first tagged point, measured at the end, hence file numbers not in normal order"
7/21/2018,LMAT,B4,F1,26,27,28,29,30,,
7/21/2018,LMAT,B4,F2,31,32,33,34,35,,
7/21/2018,LMAT,B4,H,36,37,38,39,40,,
7/21/2018,LMAT,B4,NO3,41,42,43,44,45,,
7/21/2018,LMAT,B4,F10,46,47,48,49,50,,
7/21/2018,WSG,B1,LMAT_DARK,0,,,,,,Integration 80 ms
7/21/2018,WSG,B1,REF,0,1,2,3,4,Slightly cloudy,
7/21/2018,WSG,B1,REF-2,5,6,7,8,9,,
7/21/2018,WSG,B1,CT1,10,11,12,13,14,,
7/21/2018,WSG,B1,P,15,16,17,18,19,,
7/21/2018,WSG,B1,NP,20,21,22,23,24,,
7/21/2018,WSG,B1,N,25,26,27,28,29,,
7/21/2018,WSG,B1,CT2,30,31,32,33,34,,
7/21/2018,WSG23,"B2, B3",DARK,0,,,,,,
7/21/2018,WSG23,"B2, B3",REF,1,2,3,4,5,"Sunny, slightly hazy, brightest of the day",
7/21/2018,WSG23,B3,NP,6,7,8,9,10,,
7/21/2018,WSG23,B3,P,11,12,13,14,15,,
7/21/2018,WSG23,B3,N,16,17,18,19,20,,
7/21/2018,WSG23,B3,CT,21,22,23,24,25,,
7/21/2018,WSG23,B2,NP,26,27,28,29,30,,
7/21/2018,WSG23,B2,N,31,32,33,34,35,,
7/21/2018,WSG23,B2,CT,36,37,38,39,40,,
7/21/2018,WSG23,B2,P,41,42,43,44,45,,
7/23/2018,DHT,"B1, B2, B3",DARK,0,,,,,,Int = 110
7/23/2018,DHT,"B1, B2, B3",REF,1,2,3,4,5,Variable cloud cover,int = 60
7/23/2018,DHT,"B1, B2, B3",REF-2,6,7,8,9,10,,int = 80
7/23/2018,DHT,B1,NP,11,12,13,14,15,,
7/23/2018,DHT,B1,P,16,17,18,19,20,,
7/23/2018,DHT,B1,CT2,22,23,24,25,26,,Likely an extra measurement at 21. Checked with times of measurements.
7/23/2018,DHT,B1,CT1,27,28,29,30,31,,
7/23/2018,DHT,B1,EXNP-NF,32,33,34,35,36,,
7/23/2018,DHT,B1,EXNP-SF,37,38,39,40,41,,
7/23/2018,DHT,B1,EXNP-LF,42,43,44,45,46,,
7/23/2018,DHT,B1,N,47,48,49,50,51,,
7/23/2018,DHT,B1,EXCT-NF,52,53,54,55,56,,
7/23/2018,DHT,B1,EXCT-SF,57,58,59,60,61,,
7/23/2018,DHT,B1,EXCT-LF,62,63,64,65,66,,
7/23/2018,DHT,B2,NP,67,68,69,70,71,,
7/23/2018,DHT,B2,CT2,72,73,74,75,76,,
7/23/2018,DHT,B2,EXCT-NF,77,78,79,80,81,,
7/23/2018,DHT,B2,EXCT-SF,82,83,84,85,86,,
7/23/2018,DHT,B2,EXCT-LF,87,88,89,90,91,,
7/23/2018,DHT,B2,CT1,92,93,94,95,96,,
7/23/2018,DHT,B2,N,97,98,99,100,101,,
7/23/2018,DHT,B2,P,102,103,104,105,106,,
7/23/2018,DHT,B2,EXNP-NF,107,108,109,110,111,,
7/23/2018,DHT,B2,EXNP-LF,112,113,114,115,116,,
7/23/2018,DHT,B2,EXNP-SF,117,118,119,120,121,,
7/23/2018,DHT,B3,NP,122,123,124,125,126,,
7/23/2018,DHT,B3,CT2,127,128,129,130,131,,
7/23/2018,DHT,B3,EXCT-LF,132,133,134,135,136,,
7/23/2018,DHT,B3,EXCT-SF,137,138,139,140,141,,
7/23/2018,DHT,B3,EXCT-NF,,,,,,,Probably missing this measurement�.
7/23/2018,DHT,B3,CT1,142,143,144,145,146,,
7/23/2018,DHT,B3,N,147,148,149,150,151,,
7/23/2018,DHT,B3,EXNP-NF,152,153,154,155,156,,
7/23/2018,DHT,B3,EXNP-SF,157,158,159,160,161,,
7/23/2018,DHT,B3,EXNP-LF,162,163,164,165,166,,
7/23/2018,DHT,B3,P,167,168,169,170,171,,
7/23/2018,SHB1,B1,DARK,0,,,,,,
7/23/2018,SHB1,B1,REF,1,2,3,4,5,"Sunny, clear,bright",
7/23/2018,SHB1,B1,NP,6,7,8,9,10,,"Measurement rods were placed approx. two feet in from the stake along the long edge of the plot. The anchored rod (rope tied on, red mark a bit from the rod) first, the end with the loop second."
7/23/2018,SHB1,B1,P,11,12,13,14,15,,
7/23/2018,SHB1,B1,N,16,17,18,19,20,,
7/23/2018,SHB1,B1,CT2,21,22,23,24,25,,
7/22/2018,SHB2,B2,DARK,0,,,,,"Overcast to sunny, partly cloudy overall",
7/22/2018,SHB2,B2,REF,1,2,3,4,5,,
7/22/2018,SHB2,B2,NP,6,7,8,9,10,,
7/22/2018,SHB2,B2,CT1,11,12,13,14,15,,
7/22/2018,SHB2,B2,N,16,17,18,19,20,,
7/22/2018,SHB2,B2,P,21,22,23,24,25,,
7/23/2018,HST,"B1, B2, B3, B4",DARK,0,,,,,,
7/23/2018,HST,"B1, B2, B3, B4",REF,1,2,3,4,5,"Sunny, clear",
7/23/2018,HST,B4,NP,6,7,8,9,10,,"Measurements made at normal 125 cm marks, except at the ends of the plot. The 5m measurement rods were placed at the stake (first in the direction of unispec measurements) and pulled out to the other short end of the plot. Sometimes 5m went further than the plot. End measurements were made 2 ruby feet (in extra tuffs) away from the stake into the plot or for the last measurement, the red mark at 5m."
7/23/2018,HST,B4,CT,11,12,13,14,15,,
7/23/2018,HST,B3,NP,16,17,18,19,20,,
7/23/2018,HST,B3,CT,21,22,23,24,25,,
7/23/2018,HST,B2,NP,26,27,28,29,30,,
7/23/2018,HST,B2,CT,31,32,33,34,35,,
7/23/2018,HST,B1,NP,36,37,38,39,40,,
7/23/2018,HST,B1,CT,41,42,43,44,45,,
7/22/2018,NANT,"B1, B2, B3",DARK,0,,,,,,
7/22/2018,NANT,B3,REF,1,2,3,4,5,partly cloudy,
7/22/2018,NANT,"B1, B2",REF,6,7,8,9,10,,
7/22/2018,NANT,B3,CT,16,17,18,19,20,,
7/22/2018,NANT,B3,N,21,22,23,24,25,,
7/22/2018,NANT,B3,NP,26,27,28,29,30,,
7/22/2018,NANT,B3,P,31,32,33,34,35,,
7/22/2018,NANT,B2,P,36,37,38,39,40,,
7/22/2018,NANT,B2,NP,41,42,43,44,45,,
7/22/2018,NANT,B2,CT,46,47,48,49,50,,
7/22/2018,NANT,B2,N,51,52,53,54,55,,
7/22/2018,NANT,B1,P,56,57,58,59,60,,
7/22/2018,NANT,B1,CT,61,62,63,64,65,,
7/22/2018,NANT,B1,NP,66,67,68,69,70,,
7/22/2018,NANT,B1,N,71,72,73,74,75,,
7/22/2018,MNAT,"B1, B2, B3",DARK,0,,,,,,
7/22/2018,MNAT,"B1, B2, B3",REF,11,12,13,14,15,partly cloudy,
7/22/2018,MNAT,B3,P,0,1,2,3,4,,
7/22/2018,MNAT,B3,NP,5,6,7,8,9,,
7/22/2018,MNAT,B3,CT,10,11,12,13,14,,
7/22/2018,MNAT,B3,S,15,16,17,18,19,,
7/22/2018,MNAT,B3,L,20,21,22,23,24,,
7/22/2018,MNAT,B3,N,25,26,27,28,29,,
7/22/2018,MNAT,B2,N,30,31,32,33,34,,
7/22/2018,MNAT,B2,P,35,36,37,38,39,,
7/22/2018,MNAT,B2,S,40,41,42,43,44,,
7/22/2018,MNAT,B2,L,45,46,47,48,49,,
7/22/2018,MNAT,B2,NP,50,51,52,53,54,,
7/22/2018,MNAT,B2,CT,55,56,57,58,59,,
7/22/2018,MNAT,B1,CT,60,61,62,63,64,,
7/22/2018,MNAT,B1,NP,65,66,67,68,69,,
7/22/2018,MNAT,B1,S,70,71,72,73,74,,
7/22/2018,MNAT,B1,L,75,76,77,78,79,,
7/22/2018,MNAT,B1,N,80,81,82,83,84,,
7/22/2018,MNAT,B1,P,85,86,87,88,89,,
7/30/2018,MAT,"B1, B2, B3, B4",DARK,0,,,,,,
7/30/2018,MAT,"B1, B2, B3, B4",REF,0,1,2,3,4,"Large dark cloud for most measurements, bright and sunny at the end of Block 1",
7/30/2018,MAT,"B1, B2, B3, B4",REF-2,105,106,107,108,109,,int = 40
7/30/2018,MAT,B2,P,5,6,7,8,9,,
7/30/2018,MAT,B2,CT2,10,11,12,13,14,,
7/30/2018,MAT,B2,CT1,15,16,17,18,19,,
7/30/2018,MAT,B2,N,20,21,22,23,24,,
7/30/2018,MAT,B2,NP,25,26,27,28,29,,
7/30/2018,MAT,B4,N,30,31,32,33,34,,
7/30/2018,MAT,B4,P,35,36,37,38,39,,
7/30/2018,MAT,B4,CT2,40,41,42,43,44,,
7/30/2018,MAT,B4,CT1,45,46,47,48,49,,
7/30/2018,MAT,B4,NP,50,51,52,53,54,,
7/30/2018,MAT,B3,N,55,56,57,58,59,,
7/30/2018,MAT,B3,CT2,60,61,62,63,64,,
7/30/2018,MAT,B3,CT1,65,66,67,68,69,,
7/30/2018,MAT,B3,NP,70,71,72,73,74,,
7/30/2018,MAT,B3,P,75,76,77,78,79,,
7/30/2018,MAT,B1,CT2,80,81,82,83,84,,
7/30/2018,MAT,B1,NP,85,86,87,88,89,,
7/30/2018,MAT,B1,N,90,91,92,93,94,,
7/30/2018,MAT,B1,P,95,96,97,98,99,,
7/30/2018,MAT,B1,CT1,100,101,102,103,104,,
7/30/2018,LMAT,"B1, B2, B3, B4",DARK,0,,,,,,
7/30/2018,LMAT,"B1, B2, B3, B4",REF,1,2,3,4,5,"Mostly sunny, partly cloudy, very windy",
7/30/2018,LMAT,"B1, B2, B3, B4",REF-2,191,192,193,194,195,,int = 160
7/30/2018,LMAT,"B1, B2, B3, B4",REF-3,196,197,198,199,200,,int = 100
7/30/2018,LMAT,B1,GH-CT,6,7,8,9,10,,
7/30/2018,LMAT,B1,F2,11,12,13,14,15,,
7/30/2018,LMAT,B1,H,16,17,18,19,20,,
7/30/2018,LMAT,B1,F5,21,22,23,24,25,,
7/30/2018,LMAT,B1,F10,26,27,28,29,30,,
7/30/2018,LMAT,B1,F1,31,32,33,34,35,,
7/30/2018,LMAT,B1,CT,36,37,38,39,40,,
7/30/2018,LMAT,B1,NO3,41,42,43,44,45,,
7/30/2018,LMAT,B1,NH4,46,47,48,49,50,,
7/30/2018,LMAT,B1,F0.5,51,52,53,54,55,,
7/30/2018,LMAT,B2,F5,56,57,58,59,60,,
7/30/2018,LMAT,B2,H,61,62,63,64,65,,
7/30/2018,LMAT,B2,CT,66,67,68,69,70,,
7/30/2018,LMAT,B2,F0.5,71,72,73,74,75,,
7/30/2018,LMAT,B2,F2,76,77,78,79,80,,
7/30/2018,LMAT,B2,F1,81,82,83,84,85,,
7/30/2018,LMAT,B2,NH4,86,87,88,89,90,,
7/30/2018,LMAT,B2,F10,91,92,93,94,95,,
7/30/2018,LMAT,B2,NO3,96,97,98,99,100,,
7/30/2018,LMAT,B3,F2,101,102,103,104,105,,
7/30/2018,LMAT,B3,NH4,106,107,108,109,110,,
7/30/2018,LMAT,B3,NO3,111,112,113,114,115,,
7/30/2018,LMAT,B3,H,116,117,118,119,120,,
7/30/2018,LMAT,B3,F1,121,122,123,124,125,,
7/30/2018,LMAT,B3,F0.5,126,127,128,129,130,,
7/30/2018,LMAT,B3,F5,131,132,133,134,135,,
7/30/2018,LMAT,B3,CT,136,137,138,139,140,,
7/30/2018,LMAT,B3,F10,141,142,143,144,145,,
7/30/2018,LMAT,B4,F0.5,146,147,148,149,150,,
7/30/2018,LMAT,B4,F5,151,152,153,154,155,,
7/30/2018,LMAT,B4,NH4,156,157,158,159,160,,
7/30/2018,LMAT,B4,CT,161,162,163,164,165,,
7/30/2018,LMAT,B4,F1,166,167,168,169,170,,
7/30/2018,LMAT,B4,F2,171,172,173,174,175,,
7/30/2018,LMAT,B4,H,176,177,178,179,180,,
7/30/2018,LMAT,B4,NO3,181,182,183,184,185,,
7/30/2018,LMAT,B4,F10,186,187,188,189,190,,
7/30/2018,WSG,B1,LMAT_DARK,0,,,,,,
7/30/2018,WSG,B1,REF,0,1,2,3,4,"Sunny and clear, light wind",
7/30/2018,WSG,B1,REF-2,5,6,7,8,9,,
7/30/2018,WSG,B1,CT1,10,11,12,13,14,,
7/30/2018,WSG,B1,P,15,16,17,18,19,,
7/30/2018,WSG,B1,NP,20,21,22,23,24,,
7/30/2018,WSG,B1,N,25,26,27,28,29,,
7/30/2018,WSG,B1,CT2,30,31,32,33,34,,
7/30/2018,WSG23,"B2, B3",DARK,0,,,,,,
7/30/2018,WSG23,"B2, B3",REF,1,2,3,4,5,"Overcast, cloudy, slight wind",
7/30/2018,WSG23,B3,NP,6,7,8,9,10,,
7/30/2018,WSG23,B3,P,11,12,13,14,15,,
7/30/2018,WSG23,B3,N,16,17,18,19,20,,
7/30/2018,WSG23,B3,CT,21,22,23,24,25,,
7/30/2018,WSG23,B2,NP,26,27,28,29,30,,
7/30/2018,WSG23,B2,N,31,32,33,34,35,,
7/30/2018,WSG23,B2,CT,36,37,38,39,40,,
7/30/2018,WSG23,B2,P,41,42,43,44,45,,
7/30/2018,DHT,"B1, B2, B3",DARK,0,,,,,,
7/30/2018,DHT,"B1, B2, B3",REF,1,2,3,4,5,"overcast, thick clouds, wind",Started to rain after Block 1
7/30/2018,DHT,B1,NP,6,7,8,9,10,,
7/30/2018,DHT,B1,P,11,12,13,14,15,,
7/30/2018,DHT,B1,CT2,16,17,18,19,20,,
7/30/2018,DHT,B1,CT1,21,22,23,24,25,,
7/30/2018,DHT,B1,EXNP-NF,26,27,28,29,30,,
7/30/2018,DHT,B1,EXNP-SF,31,32,33,34,35,,
7/30/2018,DHT,B1,EXNP-LF,36,37,38,39,40,,
7/30/2018,DHT,B1,N,41,42,43,44,45,,
7/30/2018,DHT,B1,EXCT-NF,46,47,48,49,50,,
7/30/2018,DHT,B1,EXCT-SF,51,52,53,54,55,,
7/30/2018,DHT,B1,EXCT-LF,56,57,58,59,60,,
8/1/2018,DHT,"B1, B2, B3",DARK,0,,,,,,
8/1/2018,DHT,"B1, B2, B3",REF,1,2,3,4,5,"Partly cloudy, some breaks and bright sun","Second day of Dry Heath Unispec, due to rain the other day. Redid control of Block 1, then started in Block 2"
8/1/2018,DHT,B1,CT1,6,7,8,9,10,,
8/1/2018,DHT,B2,NP,11,12,13,14,15,,
8/1/2018,DHT,B2,CT2,16,17,18,19,20,,
8/1/2018,DHT,B2,EXCT-NF,21,22,23,24,25,,
8/1/2018,DHT,B2,EXCT-SF,26,27,28,29,30,,
8/1/2018,DHT,B2,EXCT-LF,31,32,33,34,35,,
8/1/2018,DHT,B2,CT1,36,37,38,39,40,,
8/1/2018,DHT,B2,N,41,42,43,44,45,,
8/1/2018,DHT,B2,P,46,47,48,49,50,,
8/1/2018,DHT,B2,EXNP-NF,51,52,53,54,55,,
8/1/2018,DHT,B2,EXNP-LF,56,57,58,59,60,,
8/1/2018,DHT,B2,EXNP-SF,61,62,63,64,65,,
8/1/2018,DHT,B3,NP,66,67,68,69,70,,
8/1/2018,DHT,B3,CT2,71,72,73,74,75,,
8/1/2018,DHT,B3,EXCT-LF,76,77,78,79,80,,
8/1/2018,DHT,B3,EXCT-SF,81,82,83,84,85,,
8/1/2018,DHT,B3,EXCT-NF,,,,,,,Missing�. Again.
8/1/2018,DHT,B3,CT1,86,87,88,89,90,,
8/1/2018,DHT,B3,N,91,92,93,94,95,,
8/1/2018,DHT,B3,EXNP-NF,96,97,98,99,100,,
8/1/2018,DHT,B3,EXNP-SF,101,102,103,104,105,,
8/1/2018,DHT,B3,EXNP-LF,106,107,108,109,110,,
8/1/2018,DHT,B3,P,111,112,113,114,115,,
8/1/2018,NANT,"B1, B2, B3",DARK,0,,,,,"Sunny, clear",
8/1/2018,NANT,B3,REF,1,2,3,4,5,,
8/1/2018,NANT,"B1,B2",REF,6,7,8,9,10,,
8/1/2018,NANT,B3,CT,11,12,13,14,15,,
8/1/2018,NANT,B3,N,16,17,18,19,20,,
8/1/2018,NANT,B3,NP,21,22,23,24,25,,
8/1/2018,NANT,B3,P,26,27,28,29,30,,
8/1/2018,NANT,B2,P,31,32,33,34,35,,
8/1/2018,NANT,B2,NP,36,37,38,39,40,,
8/1/2018,NANT,B2,CT,41,42,43,44,45,,
8/1/2018,NANT,B2,N,46,47,48,49,50,,
8/1/2018,NANT,B1,P,51,52,53,54,55,,
8/1/2018,NANT,B1,CT,56,57,58,59,60,,
8/1/2018,NANT,B1,NP,61,62,63,64,65,,
8/1/2018,NANT,B1,N,66,67,68,69,70,,
8/1/2018,MNAT,"B1, B2, B3",DARK,100,,,,,,
8/1/2018,MNAT,"B1, B2, B3",REF,200,201,202,203,204,,
8/1/2018,MNAT,B3,P,101,102,103,104,105,,
8/1/2018,MNAT,B3,NP,106,107,108,109,110,,
8/1/2018,MNAT,B3,CT,111,112,113,114,115,,
8/1/2018,MNAT,B3,S,116,117,118,119,120,,
8/1/2018,MNAT,B3,L,121,122,123,124,125,,
8/1/2018,MNAT,B3,N,126,127,128,129,130,,
8/1/2018,MNAT,B2,N,131,132,133,134,135,,
8/1/2018,MNAT,B2,P,136,137,138,139,140,,
8/1/2018,MNAT,B2,S,141,142,143,144,145,,
8/1/2018,MNAT,B2,L,146,147,148,149,150,,
8/1/2018,MNAT,B2,NP,151,152,153,154,155,,
8/1/2018,MNAT,B2,CT,156,157,158,159,160,,
8/1/2018,MNAT,B1,CT,161,162,163,164,165,,
8/1/2018,MNAT,B1,NP,166,167,168,169,170,,
8/1/2018,MNAT,B1,S,171,172,173,174,175,,
8/1/2018,MNAT,B1,L,176,177,178,179,180,,
8/1/2018,MNAT,B1,N,181,182,183,184,185,,
8/1/2018,MNAT,B1,P,186,187,188,189,190,,
8/11/2018,MAT,"B1, B2, B3, B4",DARK,0,,,,,,
8/11/2018,MAT,"B1, B2, B3, B4",REF,1,2,3,4,5,"Sunny, still, high thin streaks of clouds","Some droplets on vegetation from rain the previous night, but you only get so many sunny days! Waited 'til ~ 11:00am for stuff to dry."
8/11/2018,MAT,B2,P,6,7,8,9,10,,
8/11/2018,MAT,B2,CT2,11,12,13,14,15,,
8/11/2018,MAT,B2,CT1,16,17,18,19,20,,
8/11/2018,MAT,B2,N,21,22,23,24,25,,
8/11/2018,MAT,B2,NP,26,27,28,29,30,,
8/11/2018,MAT,B4,N,31,32,33,34,35,,
8/11/2018,MAT,B4,P,36,37,38,39,40,,
8/11/2018,MAT,B4,CT2,41,42,43,44,45,,
8/11/2018,MAT,B4,CT1,46,47,48,49,50,,
8/11/2018,MAT,B4,NP,51,52,53,54,55,,
8/11/2018,MAT,B3,N,56,57,58,59,60,,
8/11/2018,MAT,B3,CT2,61,62,63,64,65,,
8/11/2018,MAT,B3,CT1,66,67,68,69,70,,
8/11/2018,MAT,B3,NP,71,72,73,74,75,,
8/11/2018,MAT,B3,P,76,77,78,79,80,,
8/11/2018,MAT,B1,CT2,81,82,83,84,85,,
8/11/2018,MAT,B1,NP,86,87,88,89,90,,
8/11/2018,MAT,B1,N,91,92,93,94,95,,
8/11/2018,MAT,B1,P,96,97,98,99,100,,
8/11/2018,MAT,B1,CT1,101,102,103,104,105,,
8/11/2018,LMAT,"B1, B2, B3, B4",MAT_DARK,0,,,,,,
8/11/2018,LMAT,"B1, B2, B3, B4",REF,0,1,2,3,4,"Sunny, still, streaks of high thin clouds",
8/11/2018,LMAT,B1,F2,5,6,7,8,9,,
8/11/2018,LMAT,B1,H,10,11,12,13,14,,
8/11/2018,LMAT,B1,F5,15,16,17,18,19,,
8/11/2018,LMAT,B1,F10,20,21,22,23,24,,
8/11/2018,LMAT,B1,F1,25,26,27,28,29,,
8/11/2018,LMAT,B1,CT,30,31,32,33,34,,
8/11/2018,LMAT,B1,NO3,35,36,37,38,39,,
8/11/2018,LMAT,B1,NH4,40,41,42,43,44,,
8/11/2018,LMAT,B1,F0.5,45,46,47,48,49,,
8/11/2018,LMAT,B2,F5,50,51,52,53,54,,
8/11/2018,LMAT,B2,H,55,56,57,58,59,,
8/11/2018,LMAT,B2,CT,60,61,62,63,64,,
8/11/2018,LMAT,B2,F0.5,65,66,67,68,69,,
8/11/2018,LMAT,B2,F2,70,71,72,73,74,,
8/11/2018,LMAT,B2,F1,75,76,77,78,79,,
8/11/2018,LMAT,B2,NH4,80,81,82,83,84,,
8/11/2018,LMAT,B2,F10,85,86,87,88,89,,
8/11/2018,LMAT,B2,NO3,90,91,92,93,94,,
8/11/2018,LMAT,B3,F2,95,96,97,98,99,,
8/11/2018,LMAT,B3,NH4,100,101,102,103,104,,
8/11/2018,LMAT,B3,NO3,105,106,107,108,109,,
8/11/2018,LMAT,B3,H,110,111,112,113,114,,
8/11/2018,LMAT,B3,F1,115,116,117,118,119,,
8/11/2018,LMAT,B3,F0.5,120,121,122,123,124,,
8/11/2018,LMAT,B3,F5,125,126,127,128,129,,
8/11/2018,LMAT,B3,CT,130,131,132,133,134,,
8/11/2018,LMAT,B3,F10,135,136,137,138,139,,
8/11/2018,LMAT,B4,F0.5,140,141,142,143,144,,
8/11/2018,LMAT,B4,F5,145,146,147,148,149,,
8/11/2018,LMAT,B4,NH4,150,151,152,153,154,,
8/11/2018,LMAT,B4,CT,155,156,157,158,159,,
8/11/2018,LMAT,B4,F1,160,161,162,163,164,,
8/11/2018,LMAT,B4,F2,165,166,167,168,169,,
8/11/2018,LMAT,B4,H,170,171,172,173,174,,
8/11/2018,LMAT,B4,NO3,175,176,177,178,179,,
8/11/2018,LMAT,B4,F10,180,181,182,183,184,,
8/11/2018,NANT,"B1, B2, B3",DARK,0,,,,,,
8/11/2018,NANT,B3,REF,1,2,3,4,5,sunny with high thin clouds,
8/11/2018,NANT,"B1, B2",REF,6,7,8,9,10,,
8/11/2018,NANT,B3,CT,11,12,13,14,15,,
8/11/2018,NANT,B3,N,16,17,18,19,20,,
8/11/2018,NANT,B3,NP,21,22,23,24,25,,
8/11/2018,NANT,B3,P,26,27,28,29,30,,
8/11/2018,NANT,B2,P,31,32,33,34,35,,
8/11/2018,NANT,B2,NP,36,37,38,39,40,,
8/11/2018,NANT,B2,CT,41,42,43,44,45,,
8/11/2018,NANT,B2,N,46,47,48,49,50,,
8/11/2018,NANT,B1,P,51,52,53,54,55,,
8/11/2018,NANT,B1,CT,56,57,58,59,60,,
8/11/2018,NANT,B1,NP,61,62,63,64,65,,
8/11/2018,NANT,B1,N,66,67,68,69,70,,
8/11/2018,MNAT,"B1, B2, B3",NANT_DARK,0,,,,,,
8/11/2018,MNAT,"B1, B2, B3",REF,0,1,2,3,4,,
8/11/2018,MNAT,B1,REF,5,6,7,8,9,,
8/11/2018,MNAT,B3,P,10,11,12,13,14,,
8/11/2018,MNAT,B3,NP,19,15,16,17,18,,"First unispec location missed, thus measurements out of order"
8/11/2018,MNAT,B3,CT,20,21,22,23,24,,
8/11/2018,MNAT,B3,S,25,26,27,28,29,,
8/11/2018,MNAT,B3,L,30,31,32,33,34,,"First unispec location missed, thus measurements out of order"
8/11/2018,MNAT,B3,N,,,,,,,"Either B3 N, B2 N, or B2 P is missing -- most likely it is this one missing"
8/11/2018,MNAT,B2,N,35,36,37,38,39,,"Either B3 N, B2 N, or B2 P is missing: This could be B3 N if B2 N is actually the one missing"
8/11/2018,MNAT,B2,P,40,41,42,43,44,,"Either B3 N, B2 N, or B2 P is missing: This could be B2 N if B2 P is missing"
8/11/2018,MNAT,B2,S,45,46,47,48,49,,
8/11/2018,MNAT,B2,L,50,51,52,53,54,,
8/11/2018,MNAT,B2,NP,55,56,57,58,59,,
8/11/2018,MNAT,B2,CT,60,61,62,63,64,,
8/11/2018,MNAT,B1,CT,65,66,67,68,69,,
8/11/2018,MNAT,B1,NP,70,71,72,73,74,,
8/11/2018,MNAT,B1,S,75,76,77,78,79,,
8/11/2018,MNAT,B1,L,80,81,82,83,84,,
8/11/2018,MNAT,B1,N,85,86,87,88,89,,"First unispec location missed, thus measurements out of order"
8/11/2018,MNAT,B1,P,90,91,92,93,94,,
8/11/2018,MNAT,"B1, B2",DARK,205,,,,,,
8/11/2018,MNAT,"B1, B2",REF-farside,206,207,208,209,210,"Sunny, clear, a few large puffy clouds that did not cover the sun during measurements","Reference for side of greenhouse farther from Toolik Lake, taken facing back towards the lake."
8/11/2018,MNAT,"B1, B2",REF-nearside,211,212,213,214,215,,"Reference for side of greenhouse closer to Toolik Lake, taken facing towards the Iktillik."
8/11/2018,MNAT,B2,GH-CT_farside,216,217,218,219,,,"4 measurements were taken each side, one within each of the segments, starting upslope (closer to Block 1) and heading downslope on the farside and moving back upslope on the nearside. The base of the unispec was placed as close to the edge of the greenhouse as possible, with the arm oriented perpendicular to the edge of the greenhouse. Exact location was a bit unstandardized // variable in order to avoid shadows of the greenhouse. There were quite a few shadows."
8/11/2018,MNAT,B2,GH-CT_nearside,220,221,222,223,,,
8/11/2018,MNAT,B2,GH-NP_farside,224,225,226,227,,,
8/11/2018,MNAT,B2,GH-NP_nearside,228,229,230,231,,,
8/11/2018,MNAT,B1,GH-NP_farside,232,233,234,235,,,
8/11/2018,MNAT,B1,GH-NP_nearside,236,237,238,239,,,
8/11/2018,MNAT,B1,GH-CT_farside,240,241,242,243,,,
8/11/2018,MNAT,B1,GH-CT_nearside,244,245,246,247,,,